user.id,user.name,timestamp,lon,lat,acc,url,pal1,pal3,pal5
54322086@N00,freedryk,2006-05-25T18:56:42Z,-123.130748,49.287823,16,http://www.flickr.com/photos/54322086@N00/153445583/,#8A8A87,"c(""#53514A"", ""#262D21"", ""#D6D5D8"")","c(""#50504D"", ""#272E20"", ""#D7D5DB"", ""#868284"", ""#FCFCFD"")"
51035652915@N01,Elijah,2013-01-08T19:03:11Z,-123.112214,49.28372,16,http://www.flickr.com/photos/51035652915@N01/8365440224/,#574436,"c(""#AF9A83"", ""#644E3C"", ""#23140C"")","c(""#C7B299"", ""#908575"", ""#865C3B"", ""#56422F"", ""#20130D"")"
97402086@N00,nan+palmero,2007-07-11T21:43:38Z,-123.156566,49.273544,14,http://www.flickr.com/photos/97402086@N00/3515924690/,#839E68,"c(""#D8E5AE"", ""#749273"", ""#5F813E"")","c(""#AED158"", ""#89A550"", ""#5C7F5E"", ""#456732"", ""#CCD8B8"")"
35034347371@N01,roland,2007-10-06T11:19:49Z,-123.06764,49.26173,16,http://www.flickr.com/photos/35034347371@N01/1498319623/,#7F684C,"c(""#DCC7A4"", ""#A58553"", ""#3C291C"")","c(""#7A481F"", ""#483528"", ""#171314"", ""#DCC7A4"", ""#A58553"")"
35034347371@N01,roland,2010-10-12T08:54:38Z,-123.073612,49.264722,16,http://www.flickr.com/photos/35034347371@N01/5075453563/,#6F725F,"c(""#AEB1A7"", ""#7E7D63"", ""#474C38"")","c(""#6E6B48"", ""#525942"", ""#353725"", ""#B0B2A5"", ""#767C6D"")"
24064901@N00,vfk,2006-12-16T09:02:03Z,-123.089333,49.204333,16,http://www.flickr.com/photos/24064901@N00/326797061/,#67706B,"c(""#DFE4D2"", ""#657675"", ""#2A3331"")","c(""#6C7A79"", ""#5D7071"", ""#F9FAE8"", ""#C4CEBD"", ""#2A3331"")"
78128495@N00,Tjflex2,2011-04-16T12:42:19Z,-123.042336,49.284383,16,http://www.flickr.com/photos/78128495@N00/5640731645/,#5E5D56,"c(""#363630"", ""#101212"", ""#98968B"")","c(""#303232"", ""#101212"", ""#D7D8D4"", ""#C1A876"", ""#696E6D"")"
44124477712@N01,Elaine+with+Grey+Cats,2007-06-22T20:33:43Z,-123.122684,49.291055,14,http://www.flickr.com/photos/44124477712@N01/811822880/,#888785,"c(""#C0C0C2"", ""#898985"", ""#6A6A67"")","c(""#6A6961"", ""#575755"", ""#737372"", ""#C0C0C2"", ""#898884"")"
11716431@N00,PiAir+%28Old+Skool%29,2007-04-15T20:54:01Z,-123.135698,49.276312,16,http://www.flickr.com/photos/11716431@N00/460533589/,#6A7782,"c(""#3B4144"", ""#1B1E1D"", ""#AABFD3"")","c(""#C6D3E0"", ""#8BAAC7"", ""#454B4D"", ""#303434"", ""#1A1D1D"")"
35034347371@N01,roland,2011-07-29T17:49:43Z,-123.071037,49.25658,16,http://www.flickr.com/photos/35034347371@N01/5988794505/,#787E39,"c(""#707724"", ""#202A0D"", ""#A7AA59"")","c(""#CBC980"", ""#ADB15B"", ""#6C6E2A"", ""#202A0D"", ""#95A03D"")"
9774057@N03,jasontinkey,2002-10-01T00:00:00Z,-123.140687,49.208738,13,http://www.flickr.com/photos/9774057@N03/2714480365/,#788486,"c(""#65625B"", ""#1F2E35"", ""#ADBFC3"")","c(""#786E65"", ""#405057"", ""#D0DBDD"", ""#93A6A6"", ""#202E35"")"
20712950@N00,jon.roberts,2011-09-25T06:02:54Z,-123.132534,49.239737,12,http://www.flickr.com/photos/20712950@N00/6190167322/,#7B8556,"c(""#7E8343"", ""#273022"", ""#A2AF78"")","c(""#6D7966"", ""#686937"", ""#273023"", ""#B5C286"", ""#A3B05C"")"
35034347371@N01,roland,2012-12-18T08:38:48Z,-123.101615,49.272975,16,http://www.flickr.com/photos/35034347371@N01/8284102867/,#3F3F3F,"c(""#AAAAAA"", ""#2C2C2C"", ""#111111"")","c(""#A4A4A4"", ""#6E6E6E"", ""#CBCBCB"", ""#2C2C2C"", ""#111111"")"
21349468@N00,Jeff+Summers,2006-12-28T16:23:30Z,-123.238706,49.210925,13,http://www.flickr.com/photos/21349468@N00/339984896/,#B69B87,"c(""#F9EFD8"", ""#EBBC87"", ""#79605E"")","c(""#6E5457"", ""#484550"", ""#957267"", ""#F9EFD8"", ""#EBBC87"")"
54322086@N00,freedryk,2013-07-27T17:27:07Z,-123.137167,49.284166,16,http://www.flickr.com/photos/54322086@N00/9405735732/,#5D5F55,"c(""#2B2B2E"", ""#131518"", ""#9B9D87"")","c(""#383A2E"", ""#242427"", ""#131518"", ""#D3D5B6"", ""#5C5D59"")"
97241039@N00,vl04,2012-01-26T15:15:51Z,-123.149867,49.277016,16,http://www.flickr.com/photos/97241039@N00/6768012135/,#646651,"c(""#D5D9D7"", ""#5D605E"", ""#2E3008"")","c(""#F1F5F3"", ""#B0BBC5"", ""#878164"", ""#555A2B"", ""#272910"")"
35034347371@N01,roland,2009-10-06T17:15:12Z,-123.10272,49.27487,16,http://www.flickr.com/photos/35034347371@N01/3988202173/,#B3A39D,"c(""#998A78"", ""#391206"", ""#FDF7F9"")","c(""#6A5540"", ""#AE240D"", ""#DAC7C3"", ""#1D160D"", ""#FEF9F8"")"
74134726@N00,supertrixiecat,2013-07-05T16:09:02Z,-123.116833,49.2825,16,http://www.flickr.com/photos/74134726@N00/9242263545/,#A2A1A5,"c(""#A09F9F"", ""#434D5F"", ""#D3CCCB"")","c(""#ACACA9"", ""#939296"", ""#6A7172"", ""#1C294D"", ""#D3CCCB"")"
16907261@N07,Tracy+Bains,2012-08-18T14:45:37Z,-123.109758,49.274604,16,http://www.flickr.com/photos/16907261@N07/7812413084/,#7A6269,"c(""#7C2B1A"", ""#202A28"", ""#A598B1"")","c(""#374352"", ""#3A1F19"", ""#A98981"", ""#AC3228"", ""#CDC5E4"")"
80672516@N00,Dustin+Quasar,2011-01-26T08:31:26Z,-123.114316,49.272194,14,http://www.flickr.com/photos/80672516@N00/5712633416/,#355978,"c(""#214257"", ""#012A42"", ""#577AA1"")","c(""#135073"", ""#052136"", ""#566D8B"", ""#43566F"", ""#6E8EB5"")"
55412350@N00,sarah+sosiak,2010-02-24T13:32:57Z,-123.10863,49.277702,14,http://www.flickr.com/photos/55412350@N00/4419959543/,"NA","NA","NA"
78128495@N00,Tjflex2,2011-09-24T12:21:13Z,-123.131312,49.300155,16,http://www.flickr.com/photos/78128495@N00/10013541296/,#664E39,"c(""#9E7D58"", ""#805838"", ""#3B3129"")","c(""#BAA079"", ""#AA8553"", ""#8A6749"", ""#805838"", ""#3B3129"")"
54322086@N00,freedryk,2006-04-25T11:25:02Z,-123.247617,49.267672,16,http://www.flickr.com/photos/54322086@N00/135209170/,#7F8590,"c(""#AEBFE3"", ""#A29C9D"", ""#565C60"")","c(""#878691"", ""#6F7163"", ""#A7BDE9"", ""#A7A2A3"", ""#333839"")"
35034347371@N01,roland,2008-07-05T18:05:06Z,-123.07399,49.26039,16,http://www.flickr.com/photos/35034347371@N01/2641038262/,#A6A5A5,"c(""#A9A9AD"", ""#63635A"", ""#C4C1C4"")","c(""#CFCDD0"", ""#B7B3B7"", ""#7C7C72"", ""#494942"", ""#A9A9AD"")"
35034347371@N01,roland,2008-05-29T16:40:00Z,-123.10356,49.27725,16,http://www.flickr.com/photos/35034347371@N01/2535277692/,#65686E,"c(""#C6C5C4"", ""#79756C"", ""#2A3344"")","c(""#304363"", ""#232226"", ""#E6E5E6"", ""#A4A3A0"", ""#79746B"")"
45421094@N00,Proggie,2005-09-13T09:38:40Z,-123.113737,49.286451,16,http://www.flickr.com/photos/45421094@N00/43477953/,#353431,"c(""#9B9A95"", ""#242320"", ""#080706"")","c(""#D1CEC7"", ""#646663"", ""#302C26"", ""#161819"", ""#080706"")"
41818779@N00,Robert+Scales,2006-03-09T18:24:27Z,-123.113517,49.284212,16,http://www.flickr.com/photos/41818779@N00/110618266/,#767972,"c(""#FFFEFA"", ""#A5A297"", ""#121B14"")","c(""#858782"", ""#4D4E4D"", ""#E1D7C8"", ""#FFFEFA"", ""#121B13"")"
26030614@N07,SWARM+Sounds,2008-04-27T19:57:25Z,-123.098067,49.284649,16,http://www.flickr.com/photos/26030614@N07/2447245861/,#6C3548,"c(""#E1686E"", ""#4D4470"", ""#401420"")","c(""#2B325F"", ""#201013"", ""#CE92AE"", ""#CB5547"", ""#992134"")"
36521981180@N01,nep,2009-09-16T12:57:54Z,-123.1285,49.2505,16,http://www.flickr.com/photos/36521981180@N01/3927302942/,#6B764B,"c(""#69773E"", ""#3A4A31"", ""#838A5E"")","c(""#9EA26E"", ""#928957"", ""#6D7E59"", ""#69773E"", ""#3A4A31"")"
41931500@N00,Michael+Kalus,2010-08-18T18:49:44Z,-123.114667,49.271,16,http://www.flickr.com/photos/41931500@N00/4907274475/,#3B3B3B,"c(""#8B8B8B"", ""#424242"", ""#0F0F0F"")","c(""#B0B0B0"", ""#949494"", ""#727272"", ""#424242"", ""#0F0F0F"")"
24741597@N00,UnTapping+The+World,2011-11-30T17:32:24Z,-123.111934,49.276568,16,http://www.flickr.com/photos/24741597@N00/6433871465/,#8E6053,"c(""#F8F4F6"", ""#BA5148"", ""#431D07"")","c(""#D48FB6"", ""#B26345"", ""#AF2D0D"", ""#F8F1F8"", ""#431D07"")"
79899147@N00,seanhagen,2009-08-02T11:44:21Z,-123.133274,49.290048,16,http://www.flickr.com/photos/79899147@N00/3786458709/,#7C7170,"c(""#915138"", ""#192423"", ""#A4A8B1"")","c(""#927548"", ""#902C29"", ""#D0BFBA"", ""#7690A8"", ""#192423"")"
19322720@N00,%C3%90ariusz,2006-04-24T21:36:42Z,-123.264498,49.265046,15,http://www.flickr.com/photos/19322720@N00/134635139/,#8C949C,"c(""#7389A9"", ""#362D23"", ""#C4CDD1"")","c(""#DAD8C3"", ""#A39D9A"", ""#7389A9"", ""#362D23"", ""#C9DFF4"")"
35034347371@N01,roland,2009-09-23T16:36:36Z,-123.10273,49.27018,16,http://www.flickr.com/photos/35034347371@N01/3949297004/,#655E60,"c(""#DED7D7"", ""#76685F"", ""#1E1A23"")","c(""#EADDD1"", ""#65606A"", ""#433A34"", ""#2D232E"", ""#0B0912"")"
28551156@N06,pkdon50,2008-06-01T14:23:39Z,-123.131761,49.237159,12,http://www.flickr.com/photos/28551156@N06/2662767877/,#6B7012,"c(""#C5B830"", ""#9A8C0A"", ""#273E06"")","c(""#EBE35D"", ""#D4C828"", ""#AD9C1D"", ""#9B8A0A"", ""#253F06"")"
39550519@N04,OPUS+Hotels,2010-02-09T22:05:33Z,-123.122741,49.27494,15,http://www.flickr.com/photos/39550519@N04/4366815576/,#9D7A88,"c(""#F3EEF3"", ""#C690AF"", ""#5D333E"")","c(""#F3EAF4"", ""#C798A8"", ""#A75879"", ""#84414C"", ""#241520"")"
60761620@N03,share_s,2014-03-22T05:51:32Z,-123.134701,49.29688,15,http://www.flickr.com/photos/60761620@N03/13457841464/,#646564,"c(""#DFE1ED"", ""#72727B"", ""#1F2013"")","c(""#A1A3B6"", ""#838583"", ""#5A5851"", ""#DFE1EE"", ""#1E1E15"")"
70985827@N00,steveleenow,2006-12-25T17:15:31Z,-123.124015,49.290517,16,http://www.flickr.com/photos/70985827@N00/333660714/,#505838,"c(""#B8B899"", ""#5C6634"", ""#151F09"")","c(""#253909"", ""#0A0D05"", ""#CBC9B3"", ""#A5A680"", ""#555E37"")"
35034347371@N01,roland,2011-02-27T08:10:17Z,-123.070975,49.256266,16,http://www.flickr.com/photos/35034347371@N01/5483000700/,#A3A3A1,"c(""#C9C9C8"", ""#C0C0C0"", ""#81807D"")","c(""#6D6B65"", ""#3B3934"", ""#B5B5B5"", ""#9FA09E"", ""#C5C4C4"")"
95142644@N00,Ruth+and+Dave,2009-12-04T10:40:24Z,-123.260121,49.268721,15,http://www.flickr.com/photos/95142644@N00/4184213421/,#5C676D,"c(""#A9B7C2"", ""#607A88"", ""#323534"")","c(""#C5DAE8"", ""#8B939C"", ""#4C4947"", ""#1B211F"", ""#5C7889"")"
35034347371@N01,roland,2011-12-06T08:33:21Z,-123.073648,49.259311,16,http://www.flickr.com/photos/35034347371@N01/6467242529/,#6E6C6B,"c(""#544442"", ""#21241F"", ""#A0A2A4"")","c(""#737270"", ""#6A5653"", ""#E7EBF4"", ""#C1C4CB"", ""#393833"")"
98755122@N00,Graham+Ballantyne,2006-04-02T18:34:20Z,-123.069545,49.264297,15,http://www.flickr.com/photos/98755122@N00/122417420/,#887A75,"c(""#7B6A64"", ""#403A3A"", ""#B2A29A"")","c(""#E0CDC0"", ""#B8ACA7"", ""#96867F"", ""#7B6A64"", ""#403A3A"")"
35034347371@N01,roland,2010-02-22T17:45:36Z,-123.10086,49.27014,16,http://www.flickr.com/photos/35034347371@N01/4380263971/,#52738F,"c(""#333A5A"", ""#0C1B39"", ""#84BAD4"")","c(""#454D5D"", ""#253A5B"", ""#111633"", ""#AADCEC"", ""#5792C1"")"
35034347371@N01,roland,2008-09-06T16:54:47Z,-123.12593,49.27118,16,http://www.flickr.com/photos/35034347371@N01/2835443138/,#7E7B6A,"c(""#E4E9EA"", ""#918866"", ""#413D2C"")","c(""#564F3B"", ""#2D2B1C"", ""#A09674"", ""#807B58"", ""#E4EAEB"")"
35468134499@N01,matttrent,2007-06-06T19:14:48Z,-123.106613,49.283427,15,http://www.flickr.com/photos/35468134499@N01/535714083/,#52695F,"c(""#C5CAC5"", ""#5F7765"", ""#12322A"")","c(""#22392F"", ""#012A25"", ""#E3E5E2"", ""#ADAF9C"", ""#5B766A"")"
73488908@N00,Urban+Mixer,2006-10-12T13:44:38Z,-123.115081,49.260463,15,http://www.flickr.com/photos/73488908@N00/272150811/,#A5A49C,"c(""#B2A99E"", ""#4B4B2F"", ""#CACCCF"")","c(""#BDBDB6"", ""#A89584"", ""#504B3D"", ""#474B20"", ""#CACCCF"")"
89333651@N00,kmoliver,2007-06-28T17:28:25Z,-123.120614,49.283287,15,http://www.flickr.com/photos/89333651@N00/675143267/,#707977,"c(""#9B9FA0"", ""#66939E"", ""#5E584E"")","c(""#6D9EAC"", ""#6A8D92"", ""#6D7677"", ""#493826"", ""#9B9D9D"")"
14753651@N03,marichica88,2009-08-17T12:37:03Z,-123.147125,49.290817,13,http://www.flickr.com/photos/14753651@N03/5200332490/,#7D7F6F,"c(""#C0B8AA"", ""#8A8671"", ""#545D4F"")","c(""#697972"", ""#5D6860"", ""#454A34"", ""#C0B8AA"", ""#8A8671"")"
35034347371@N01,roland,2012-09-19T21:55:24Z,-123.148064,49.268138,16,http://www.flickr.com/photos/35034347371@N01/8005332060/,#252620,"c(""#5F6969"", ""#1E1A0C"", ""#0A0803"")","c(""#0F0A03"", ""#040602"", ""#889697"", ""#3E3E2F"", ""#181811"")"
36606530@N00,Kimli,2011-05-04T20:49:21Z,-123.0325,49.282,16,http://www.flickr.com/photos/36606530@N00/5689645978/,#69817E,"c(""#EFF4F0"", ""#6C9FAB"", ""#24382D"")","c(""#093543"", ""#0A130C"", ""#29423C"", ""#F0F3EE"", ""#80A9A2"")"
35034347371@N01,roland,2008-04-09T09:11:16Z,-123.0736,49.26032,16,http://www.flickr.com/photos/35034347371@N01/2400586453/,#797674,"c(""#6D6142"", ""#303846"", ""#A49FA3"")","c(""#826848"", ""#585A3C"", ""#C8C1C2"", ""#807C85"", ""#303846"")"
35034347371@N01,roland,2011-07-13T16:30:38Z,-123.102187,49.277433,16,http://www.flickr.com/photos/35034347371@N01/5934922637/,#7D817A,"c(""#FBFBFB"", ""#9EA199"", ""#2E342A"")","c(""#61634E"", ""#3B4136"", ""#FBFBFA"", ""#999C9C"", ""#10180D"")"
45802067@N03,BC+Gov+Photos,2013-03-12T09:49:47Z,-123.113479,49.265116,10,http://www.flickr.com/photos/45802067@N03/8552637760/,#4D4749,"c(""#988D8F"", ""#534543"", ""#232227"")","c(""#343842"", ""#2D2B2E"", ""#141316"", ""#988D8F"", ""#534543"")"
35034347371@N01,roland,2011-05-10T20:11:20Z,-123.081528,49.253644,16,http://www.flickr.com/photos/35034347371@N01/5709236788/,#565450,"c(""#C8C9CD"", ""#4D4C43"", ""#211C17"")","c(""#68635F"", ""#524C47"", ""#413831"", ""#C8C9CD"", ""#1F1F18"")"
24064901@N00,vfk,2006-11-19T14:49:28Z,-123.120666,49.284,16,http://www.flickr.com/photos/24064901@N00/301706247/,#7F7C80,"c(""#D2CDC6"", ""#899DA9"", ""#514448"")","c(""#93765C"", ""#505955"", ""#3C262B"", ""#D0CDCD"", ""#7E95AD"")"
7667534@N04,Houston+Marsh,2012-04-28T10:22:34Z,-123.078718,49.262126,15,http://www.flickr.com/photos/7667534@N04/7124602079/,#868B75,"c(""#7B864C"", ""#2E322A"", ""#B7B9AF"")","c(""#7A8A5D"", ""#5B5B58"", ""#DCDEE0"", ""#9FA172"", ""#313726"")"
63637045@N07,mutrock,2011-10-29T18:52:00Z,-123.119305,49.283203,15,http://www.flickr.com/photos/63637045@N07/6297374269/,"NA","NA","NA"
10297518@N00,%C2%A1Carlitos,2013-02-15T00:31:45Z,-123.110334,49.284666,16,http://www.flickr.com/photos/10297518@N00/11460396994/,#373028,"c(""#74695A"", ""#34291F"", ""#191412"")","c(""#A29A85"", ""#493F2E"", ""#3B2926"", ""#2A2222"", ""#1A1611"")"
41365040@N00,gizzypooh,2006-10-13T21:53:52Z,-123.143863,49.2659,12,http://www.flickr.com/photos/41365040@N00/270888332/,#634737,"c(""#51220E"", ""#160C06"", ""#917764"")","c(""#DAC7B5"", ""#A38676"", ""#895833"", ""#602914"", ""#2B1A11"")"
35034347371@N01,roland,2010-05-16T11:28:42Z,-123.13075,49.24029,16,http://www.flickr.com/photos/35034347371@N01/4613251366/,#90937C,"c(""#6B763C"", ""#31311D"", ""#D1D2C9"")","c(""#636847"", ""#353818"", ""#C3C4BD"", ""#8D945C"", ""#FEFEFE"")"
66733752@N00,Jasperdo,2013-02-20T19:36:11Z,-123.124047,49.27871,16,http://www.flickr.com/photos/66733752@N00/8546255068/,#573837,"c(""#90888A"", ""#743627"", ""#2B1115"")","c(""#CFB1A2"", ""#505F71"", ""#A63F26"", ""#422D27"", ""#2B1115"")"
41045895@N04,jamesmnz,2011-01-03T14:53:32Z,-123.150558,49.306769,10,http://www.flickr.com/photos/41045895@N04/6455003937/,#78756D,"c(""#664E38"", ""#463D2F"", ""#98A4A5"")","c(""#D5EDF8"", ""#A6B0AD"", ""#737877"", ""#664E38"", ""#463D2F"")"
10297518@N00,%C2%A1Carlitos,2007-04-28T20:07:43Z,-123.154163,49.274664,14,http://www.flickr.com/photos/10297518@N00/480062330/,#866C58,"c(""#643825"", ""#090908"", ""#D3B799"")","c(""#8F4933"", ""#29201E"", ""#EADBCB"", ""#C59863"", ""#090908"")"
79295762@N00,Junnn,2010-06-19T21:45:32Z,-123.214813,49.220281,16,http://www.flickr.com/photos/79295762@N00/4741260750/,#636363,"c(""#D7D7D7"", ""#7C7C7C"", ""#1C1C1C"")","c(""#2E2E2E"", ""#090909"", ""#F2F2F2"", ""#BBBBBB"", ""#7C7C7C"")"
23269969@N00,riacale,2009-06-17T19:26:33Z,-123.25024,49.267034,16,http://www.flickr.com/photos/23269969@N00/3723918743/,#5F4F47,"c(""#C8B7B1"", ""#7E5A3F"", ""#1A1516"")","c(""#D9D5D5"", ""#B6998C"", ""#201C20"", ""#120C0C"", ""#7E5A3F"")"
18304960@N00,qousqous,2006-12-23T14:29:07Z,-123.089355,49.281204,15,http://www.flickr.com/photos/18304960@N00/336009357/,#7E7B7E,"c(""#706259"", ""#312525"", ""#ACB3BC"")","c(""#A39A91"", ""#946E6A"", ""#D6DEE6"", ""#54606B"", ""#312624"")"
54322086@N00,freedryk,2013-07-05T09:45:16Z,-123.124,49.2885,16,http://www.flickr.com/photos/54322086@N00/9228187918/,#6D635B,"c(""#442E24"", ""#121311"", ""#ADA59B"")","c(""#643A24"", ""#342823"", ""#E4D8CA"", ""#6E6F6E"", ""#131210"")"
73488908@N00,Urban+Mixer,2006-10-25T20:30:08Z,-123.115081,49.260463,15,http://www.flickr.com/photos/73488908@N00/279451009/,#5A5B56,"c(""#B2C2C2"", ""#7D7D73"", ""#1D160F"")","c(""#48371F"", ""#23140A"", ""#B2C2C2"", ""#797D7A"", ""#080705"")"
22744733@N07,Pyatt+is+Fat,2008-11-15T16:43:03Z,-123.108737,49.277856,15,http://www.flickr.com/photos/22744733@N07/3034415316/,#6D6342,"c(""#C2B67D"", ""#877D57"", ""#352B18"")","c(""#C6BA81"", ""#BCAF7A"", ""#ADA062"", ""#887138"", ""#2C271D"")"
35034347371@N01,roland,2009-03-17T09:51:43Z,-123.09612,49.28417,16,http://www.flickr.com/photos/35034347371@N01/3363446418/,#797776,"c(""#696566"", ""#444241"", ""#9A9996"")","c(""#E1E1DB"", ""#8A8C91"", ""#7E7B75"", ""#696566"", ""#444241"")"
35034347371@N01,roland,2011-05-18T16:40:25Z,-123.073539,49.265852,16,http://www.flickr.com/photos/35034347371@N01/5734799821/,#455455,"c(""#7EA7D1"", ""#656B4B"", ""#18201A"")","c(""#535D1A"", ""#23281C"", ""#8B9FAB"", ""#456080"", ""#070D09"")"
95601478@N00,Derek+K.+Miller,2010-08-29T10:55:52Z,-123.151947,49.248611,16,http://www.flickr.com/photos/95601478@N00/4946501812/,#946343,"c(""#C09A85"", ""#AC692E"", ""#72442B"")","c(""#D3AA9F"", ""#A68978"", ""#9B5221"", ""#502D1E"", ""#A87441"")"
73488908@N00,Urban+Mixer,2012-10-13T20:20:32Z,-123.082167,49.309833,16,http://www.flickr.com/photos/73488908@N00/8084862186/,#997755,"c(""#905B35"", ""#2D1811"", ""#D2B386"")","c(""#9E6E4B"", ""#82461E"", ""#DCC4AD"", ""#C8A25E"", ""#2D1811"")"
93452626@N00,doviende,2006-06-11T00:28:23Z,-123.114037,49.24223,14,http://www.flickr.com/photos/93452626@N00/165206395/,#1E2020,"c(""#445052"", ""#1F1715"", ""#0A0B0C"")","c(""#3D4032"", ""#2F1F22"", ""#5F696C"", ""#142223"", ""#0C0708"")"
35034347371@N01,roland,2012-04-24T09:01:48Z,-123.074333,49.276666,16,http://www.flickr.com/photos/35034347371@N01/6964120466/,#656768,"c(""#B7B7B1"", ""#717679"", ""#35383A"")","c(""#DCDDD9"", ""#8F8F8A"", ""#4B535F"", ""#131518"", ""#7C7B74"")"
60142746@N00,Stephen+Rees,2012-04-20T16:42:38Z,-123.128639,49.291986,15,http://www.flickr.com/photos/60142746@N00/6957924374/,#456DA2,"c(""#526985"", ""#2E5A95"", ""#4776B6"")","c(""#3669AF"", ""#2F5A94"", ""#5F7B9E"", ""#4C5B6E"", ""#527FBC"")"
48800517@N04,blowponypix,2011-08-01T01:06:03Z,-123.07448,49.281549,15,http://www.flickr.com/photos/48800517@N04/6003905813/,"NA","NA","NA"
24064901@N00,vfk,2006-12-16T07:59:40Z,-123.123166,49.197,16,http://www.flickr.com/photos/24064901@N00/326792639/,#627991,"c(""#BBE2F8"", ""#87A9CF"", ""#222C3D"")","c(""#7CA0CE"", ""#7C91B0"", ""#93B8DF"", ""#BBE2F8"", ""#222C3D"")"
35034347371@N01,roland,2014-01-24T09:20:13Z,-123.089942,49.277502,16,http://www.flickr.com/photos/35034347371@N01/12123915366/,#36404B,"c(""#9BAAC3"", ""#2D333D"", ""#081015"")","c(""#ACB6C9"", ""#899DBC"", ""#3D4654"", ""#1B2025"", ""#081015"")"
97551727@N00,Magalie+L%27Abb%C3%A9,2008-06-22T19:18:14Z,-123.173239,49.264248,14,http://www.flickr.com/photos/97551727@N00/2792954543/,#676468,"c(""#434341"", ""#12181E"", ""#A1999E"")","c(""#3F4644"", ""#18161D"", ""#868B8B"", ""#4D5564"", ""#D7C0C3"")"
74134726@N00,supertrixiecat,2013-12-28T14:13:34Z,-123.117792,49.203183,16,http://www.flickr.com/photos/74134726@N00/11614428723/,#8D8D8E,"c(""#848384"", ""#1B1B1D"", ""#CACACA"")","c(""#787779"", ""#363537"", ""#B0B0B0"", ""#1B1B1D"", ""#CACACA"")"
35034347371@N01,roland,2010-03-31T17:39:17Z,-123.104156,49.282011,16,http://www.flickr.com/photos/35034347371@N01/4480535694/,#46556E,"c(""#8EB0EC"", ""#5C5F73"", ""#16212B"")","c(""#272735"", ""#1A2330"", ""#0C191F"", ""#97B1E1"", ""#4F5F7F"")"
35034347371@N01,roland,2009-05-19T14:20:53Z,-123.1049,49.28062,16,http://www.flickr.com/photos/35034347371@N01/3546764521/,#696562,"c(""#E5EAF0"", ""#86857D"", ""#1C120C"")","c(""#BAC0C5"", ""#8A8D8B"", ""#6F5D46"", ""#E5EAF0"", ""#1A130F"")"
35034347371@N01,roland,2013-03-08T17:11:09Z,-123.109771,49.282653,16,http://www.flickr.com/photos/35034347371@N01/8540330189/,#494949,"c(""#6D6D6D"", ""#505050"", ""#333333"")","c(""#7E7E7E"", ""#707070"", ""#626262"", ""#505050"", ""#333333"")"
79899147@N00,seanhagen,2009-08-02T11:47:02Z,-123.133274,49.290048,16,http://www.flickr.com/photos/79899147@N00/3787296176/,#6C6D6F,"c(""#483834"", ""#0C1411"", ""#AEB3BA"")","c(""#9FB2C3"", ""#79777A"", ""#D4D3D1"", ""#413435"", ""#0C1311"")"
48709050@N04,aherstein,2012-07-23T12:39:36Z,-123.126337,49.280166,16,http://www.flickr.com/photos/48709050@N04/10467856403/,"NA","NA","NA"
76243524@N00,Sherwood411,2012-11-01T11:41:04Z,-123.142667,49.287666,16,http://www.flickr.com/photos/76243524@N00/8145568667/,#666154,"c(""#B1AEA5"", ""#717059"", ""#3C3329"")","c(""#504439"", ""#262118"", ""#7E7963"", ""#64664F"", ""#B1AEA5"")"
23889619@N04,SOMBILON+ART%2C+MEDIA+and+PHOTOGRAPHY,2011-05-16T02:34:52Z,-123.11666,49.289467,16,http://www.flickr.com/photos/23889619@N04/5725477859/,#7F7570,"c(""#E5E2DC"", ""#B58A78"", ""#313336"")","c(""#9E5E37"", ""#4D3425"", ""#08111C"", ""#E6E0DA"", ""#96959A"")"
23196822@N00,Gord+McKenna,2007-11-23T11:13:30Z,-123.2451,49.261335,15,http://www.flickr.com/photos/23196822@N00/2059105836/,#404B4F,"c(""#6D7A8C"", ""#5D5348"", ""#192E31"")","c(""#5C86B8"", ""#3571C3"", ""#2665BE"", ""#8A6F54"", ""#1F2614"")"
65619791@N06,rose.selavy,2011-07-30T00:00:18Z,-123.075349,49.281594,14,http://www.flickr.com/photos/65619791@N06/5995482093/,#7F7972,"c(""#5A4439"", ""#141D10"", ""#C7C1BF"")","c(""#4A4A43"", ""#161C0E"", ""#BFB4AF"", ""#A56D64"", ""#E9EAEB"")"
54322086@N00,freedryk,2013-03-06T23:12:09Z,-123.125167,49.243666,16,http://www.flickr.com/photos/54322086@N00/8542596611/,#B56B60,"c(""#BE5141"", ""#5E271B"", ""#DB9992"")","c(""#F18170"", ""#B3757F"", ""#E3B6AC"", ""#BE5141"", ""#5E271B"")"
21046229@N00,wasme,2006-08-12T13:03:33Z,-123.259702,49.269456,15,http://www.flickr.com/photos/21046229@N00/214779766/,#525B46,"c(""#A7B79A"", ""#5B5F42"", ""#222A1D"")","c(""#2D312A"", ""#1A1D0D"", ""#597162"", ""#4B5D2E"", ""#ABB397"")"
49503002894@N01,Kris+Krug,2010-02-25T04:12:36Z,-123.122577,49.28172,14,http://www.flickr.com/photos/49503002894@N01/4405115067/,#7A6F79,"c(""#F6F7FA"", ""#9E868F"", ""#281E2C"")","c(""#BFA0A2"", ""#7B718A"", ""#3F3044"", ""#130A0F"", ""#F6F7FB"")"
48600088225@N01,hernandezfisher,2006-11-03T23:03:12Z,-123.12026,49.280747,15,http://www.flickr.com/photos/48600088225@N01/298349493/,#41204B,"c(""#714BB0"", ""#520F2B"", ""#201327"")","c(""#2E2656"", ""#271023"", ""#714BB0"", ""#520F2B"", ""#160A11"")"
35034347371@N01,roland,2013-08-23T07:36:39Z,-123.081932,49.269329,16,http://www.flickr.com/photos/35034347371@N01/9575187133/,#454545,"c(""#7C7C7C"", ""#414141"", ""#2B2B2B"")","c(""#D4D4D4"", ""#747474"", ""#545454"", ""#414141"", ""#2B2B2B"")"
25174544@N05,Amos_Hsieh,2009-08-02T12:18:19Z,-123.131321,49.288704,16,http://www.flickr.com/photos/25174544@N05/3784565934/,#A2957F,"c(""#A2825E"", ""#3C3434"", ""#D4CEB5"")","c(""#D5B24D"", ""#8B7255"", ""#623D2F"", ""#1E2226"", ""#CBC7BF"")"
105592384@N07,takenji1989,2013-09-01T12:17:06Z,-123.120578,49.281744,16,http://www.flickr.com/photos/105592384@N07/10346516823/,#696A68,"c(""#494532"", ""#13151A"", ""#A3A6A9"")","c(""#E4E3E3"", ""#CEC6C1"", ""#7D8D99"", ""#73754F"", ""#29292C"")"
74134726@N00,supertrixiecat,2013-12-28T12:20:12Z,-123.070512,49.279108,16,http://www.flickr.com/photos/74134726@N00/11614327233/,#68613F,"c(""#A89B6E"", ""#766F49"", ""#3F3B22"")","c(""#DBCE9B"", ""#A49569"", ""#908359"", ""#766F49"", ""#3F3B22"")"
38174668@N05,vancouverfilmschool,2011-04-20T14:29:35Z,-123.111106,49.283206,15,http://www.flickr.com/photos/38174668@N05/5669940321/,"NA","NA","NA"
80773746@N00,Mr.+Fnord,2008-07-02T16:36:34Z,-123.084758,49.265375,15,http://www.flickr.com/photos/80773746@N00/2852295196/,#949057,"c(""#7D7850"", ""#606425"", ""#BAB273"")","c(""#D2C092"", ""#979267"", ""#746235"", ""#485625"", ""#889134"")"
62449696@N00,kurafire,2013-05-03T12:55:24Z,-123.102334,49.275333,16,http://www.flickr.com/photos/62449696@N00/8705715537/,#5A7BA4,"c(""#A0997E"", ""#32404C"", ""#4B8AE2"")","c(""#A99F7A"", ""#676A58"", ""#2E76E7"", ""#213967"", ""#8FB7D3"")"
48600088225@N01,hernandezfisher,2008-02-22T20:57:10Z,-123.12144,49.277415,15,http://www.flickr.com/photos/48600088225@N01/2284836199/,#130E15,"c(""#34273F"", ""#0C0A0B"", ""#030303"")","c(""#53344F"", ""#1E1011"", ""#06152B"", ""#080808"", ""#030303"")"
24064901@N00,vfk,2006-12-22T13:01:52Z,-123.135666,49.295333,16,http://www.flickr.com/photos/24064901@N00/330652941/,#7E7A79,"c(""#636363"", ""#3E382C"", ""#ABA7AA"")","c(""#6B6659"", ""#3C342F"", ""#999197"", ""#7B7F87"", ""#C5C5CB"")"
8176830@N02,-annon.,2013-04-28T12:00:16Z,-123.22817,49.278173,16,http://www.flickr.com/photos/8176830@N02/9611082223/,#878B96,"c(""#7E7D88"", ""#32363C"", ""#B5BBC9"")","c(""#BAB7B4"", ""#A1A0AF"", ""#777B90"", ""#363837"", ""#BEC7DB"")"
43468415@N00,Jenny+Lee+Silver,2010-06-12T11:23:01Z,-123.101452,49.281419,16,http://www.flickr.com/photos/43468415@N00/4762432981/,#958883,"c(""#D8DBE4"", ""#BBABA2"", ""#5E4B41"")","c(""#8C776E"", ""#2F1D14"", ""#C0C0C6"", ""#B7957E"", ""#D8DBE4"")"
36002836@N00,Kyle+Horner,2010-10-31T14:07:45Z,-123.066444,49.266656,14,http://www.flickr.com/photos/36002836@N00/5134134614/,#56342B,"c(""#987B66"", ""#923328"", ""#16110F"")","c(""#232022"", ""#18110E"", ""#0F0805"", ""#987B66"", ""#923328"")"
60142746@N00,Stephen+Rees,2011-07-01T16:54:13Z,-123.121107,49.249199,16,http://www.flickr.com/photos/60142746@N00/5892536134/,#6A6C64,"c(""#A8ADAE"", ""#929167"", ""#37393D"")","c(""#C3C3BE"", ""#8E989E"", ""#929167"", ""#57575A"", ""#161A1F"")"
84987970@N00,Sweet+One,2013-08-27T13:40:42Z,-123.037834,49.2835,16,http://www.flickr.com/photos/84987970@N00/9652022374/,#7F5E44,"c(""#AB6111"", ""#4F3727"", ""#816E6C"")","c(""#CAB8BC"", ""#976A62"", ""#514B48"", ""#AB6111"", ""#4F3727"")"
35034347371@N01,roland,2013-01-24T08:26:39Z,-123.074459,49.269947,16,http://www.flickr.com/photos/35034347371@N01/8412110556/,#74726F,"c(""#595249"", ""#1C1915"", ""#ADADAF"")","c(""#938D8C"", ""#747675"", ""#575149"", ""#1C1915"", ""#D7D7DA"")"
60377953@N00,apostrophe+suz,2014-04-02T11:50:15Z,-123.139534,49.27135,16,http://www.flickr.com/photos/60377953@N00/13647057934/,#625A54,"c(""#B2B9B9"", ""#8A6B4B"", ""#242124"")","c(""#A68259"", ""#6D635D"", ""#CDD2CC"", ""#8D9DAA"", ""#281E1C"")"
35034347371@N01,roland,2009-08-26T17:54:40Z,-123.1024,49.27376,16,http://www.flickr.com/photos/35034347371@N01/3860155147/,#896F5A,"c(""#634125"", ""#220B04"", ""#CFB79F"")","c(""#B79785"", ""#996F4B"", ""#FDF7ED"", ""#F2D8B7"", ""#412817"")"
30827837@N00,michellerlee,2011-02-12T22:15:43Z,-123.120356,49.277013,15,http://www.flickr.com/photos/30827837@N00/5447444810/,#116042,"c(""#3AA682"", ""#018354"", ""#042C18"")","c(""#87D6BB"", ""#2DBE91"", ""#157858"", ""#018356"", ""#042D17"")"
35034347371@N01,roland,2011-07-17T11:56:08Z,-123.251073,49.26353,16,http://www.flickr.com/photos/35034347371@N01/5948665964/,#63707E,"c(""#A7B2C2"", ""#6788B0"", ""#3D4142"")","c(""#6B747E"", ""#57574E"", ""#181C1C"", ""#A7B2C2"", ""#6788B0"")"
35034347371@N01,roland,2012-05-25T18:10:08Z,-123.07372,49.262494,16,http://www.flickr.com/photos/35034347371@N01/7270823718/,#697782,"c(""#545B5A"", ""#232F3A"", ""#96A8BA"")","c(""#8EC7FE"", ""#AFAEAB"", ""#908D86"", ""#495D75"", ""#2A3433"")"
35034347371@N01,roland,2013-05-28T16:12:26Z,-123.104862,49.277505,16,http://www.flickr.com/photos/35034347371@N01/8873675572/,#61645F,"c(""#3F412D"", ""#1F231A"", ""#929699"")","c(""#C9CDD3"", ""#8B908F"", ""#E2E3EE"", ""#5F635C"", ""#2E3126"")"
41818779@N00,Robert+Scales,2006-07-19T19:35:44Z,-123.113517,49.284212,16,http://www.flickr.com/photos/41818779@N00/194089381/,#5B5953,"c(""#553321"", ""#0E1412"", ""#848D8B"")","c(""#304049"", ""#16110B"", ""#967E66"", ""#713F28"", ""#A3B0AE"")"
41894183285@N01,robertg6n1,2006-10-20T13:00:47Z,-123.034515,49.218269,10,http://www.flickr.com/photos/41894183285@N01/278393864/,#606839,"c(""#C4C99C"", ""#7F8725"", ""#1E2712"")","c(""#4D570D"", ""#0B1207"", ""#74764B"", ""#374231"", ""#D0D890"")"
54971823@N00,chicgeekuk,2007-08-07T14:59:39Z,-123.13528,49.270716,13,http://www.flickr.com/photos/54971823@N00/1045718162/,#65564E,"c(""#A7A3A3"", ""#816446"", ""#352826"")","c(""#916B48"", ""#6F5C44"", ""#513732"", ""#18191B"", ""#A7A3A3"")"
35034347371@N01,roland,2013-07-22T18:13:17Z,-123.122535,49.283561,16,http://www.flickr.com/photos/35034347371@N01/9351981004/,#4A4A4A,"c(""#7C7C7C"", ""#727272"", ""#1B1B1B"")","c(""#808080"", ""#7B7A7B"", ""#787878"", ""#727272"", ""#1B1B1B"")"
79353384@N00,Tristen.Pelton,2010-07-08T23:33:23Z,-123.131375,49.239288,14,http://www.flickr.com/photos/79353384@N00/4792800322/,"NA","NA","NA"
35468134499@N01,matttrent,2006-08-26T03:44:36Z,-123.100664,49.281433,16,http://www.flickr.com/photos/35468134499@N01/225099621/,#171009,"c(""#392918"", ""#100C09"", ""#090500"")","c(""#090500"", ""#533F24"", ""#1E120B"", ""#100C09"")"
13507995@N00,chrisada,2005-10-15T14:20:08Z,-123.129787,49.301453,13,http://www.flickr.com/photos/13507995@N00/52895352/,"NA","NA","NA"
35034347371@N01,roland,2013-10-21T10:38:52Z,-123.07422,49.276794,16,http://www.flickr.com/photos/35034347371@N01/10412783734/,#4D4E4C,"c(""#ACB0B3"", ""#4D4D4A"", ""#1D1D1A"")","c(""#5A5956"", ""#3E3F3C"", ""#B4BABE"", ""#A4A5A8"", ""#1D1D1A"")"
35034346160@N01,bmann,2012-07-11T19:52:21Z,-123.104249,49.282655,16,http://www.flickr.com/photos/35034346160@N01/7551654992/,#AD8766,"c(""#BE4C15"", ""#524021"", ""#D2C9B1"")","c(""#C7BCA9"", ""#AB9057"", ""#EBECE3"", ""#BE4C15"", ""#524021"")"
12291588@N00,Exployment+Now,2007-11-18T11:48:01Z,-123.068107,49.260173,15,http://www.flickr.com/photos/12291588@N00/2118290234/,#7B4C33,"c(""#892B0D"", ""#1E0F07"", ""#A2795B"")","c(""#AD4D1E"", ""#664B22"", ""#CAAE93"", ""#7D240E"", ""#19100A"")"
35034347371@N01,roland,2013-02-13T08:08:11Z,-123.074295,49.262432,16,http://www.flickr.com/photos/35034347371@N01/8470347985/,#969696,"c(""#747474"", ""#232323"", ""#E1E1E1"")","c(""#EFEFEF"", ""#D2D2D2"", ""#969696"", ""#535353"", ""#232323"")"
35034347371@N01,roland,2009-10-13T09:01:26Z,-123.09882,49.26917,16,http://www.flickr.com/photos/35034347371@N01/4009176520/,#86807F,"c(""#F0ECF0"", ""#938A86"", ""#494441"")","c(""#EFEBEF"", ""#918988"", ""#817975"", ""#685E59"", ""#1E1B19"")"
20163306@N00,vociferous.,2008-03-07T21:26:26Z,-123.127899,49.287207,13,http://www.flickr.com/photos/20163306@N00/2317473777/,#5F6978,"c(""#AECDFA"", ""#6C7075"", ""#313136"")","c(""#8795A2"", ""#827B6B"", ""#5B5253"", ""#AECDFA"", ""#2F333B"")"
35482298@N06,Yaletown+BIA,2011-10-02T10:10:29Z,-123.111462,49.288438,15,http://www.flickr.com/photos/35482298@N06/6214474622/,#746961,"c(""#453533"", ""#121110"", ""#BBAFA0"")","c(""#58473D"", ""#322624"", ""#121110"", ""#E2D3C4"", ""#93887D"")"
35468134499@N01,matttrent,2007-04-07T18:59:30Z,-123.098673,49.268938,16,http://www.flickr.com/photos/35468134499@N01/450129815/,#272C2D,"c(""#8D9795"", ""#080E12"", ""#010305"")","c(""#66786F"", ""#253C4C"", ""#D0D2CF"", ""#0A0E0F"", ""#010305"")"
105592384@N07,takenji1989,2013-09-01T18:03:29Z,-123.105853,49.283688,16,http://www.flickr.com/photos/105592384@N07/10350321345/,#69676B,"c(""#CBCCD0"", ""#736C6F"", ""#323137"")","c(""#F5F4F5"", ""#9BA1AE"", ""#747174"", ""#4B4347"", ""#1D1C21"")"
84987970@N00,Sweet+One,2013-11-23T13:39:18Z,-123.118875,49.276675,16,http://www.flickr.com/photos/84987970@N00/11183156776/,#676358,"c(""#EBE8DB"", ""#6A665D"", ""#231F14"")","c(""#2B2F25"", ""#141409"", ""#878075"", ""#614030"", ""#E8E8DE"")"
18095953@N00,gak,2013-12-20T14:44:15Z,-123.109694,49.280672,16,http://www.flickr.com/photos/18095953@N00/11470904535/,#958175,"c(""#9D6C4D"", ""#261B18"", ""#C7BEB7"")","c(""#BFAFA2"", ""#A89A90"", ""#DAD6D4"", ""#9D6C4D"", ""#261B18"")"
23269969@N00,riacale,2008-12-20T17:16:48Z,-123.06168,49.205892,16,http://www.flickr.com/photos/23269969@N00/5272167182/,#64758D,"c(""#5C6D86"", ""#2E3641"", ""#8397B6"")","c(""#92A7C6"", ""#859AB9"", ""#798DAC"", ""#5C6D86"", ""#2E3641"")"
35034347371@N01,roland,2011-05-23T16:33:47Z,-123.110348,49.27138,16,http://www.flickr.com/photos/35034347371@N01/5752660019/,#5A6556,"c(""#9DA7B0"", ""#696E5F"", ""#303F25"")","c(""#3A4842"", ""#263508"", ""#BCC3C6"", ""#878F8D"", ""#636B64"")"
24395354@N02,Free+2+Be,2010-03-21T11:56:35Z,-123.092831,49.313152,16,http://www.flickr.com/photos/24395354@N02/4452510766/,#646460,"c(""#BDB8AF"", ""#7C7C74"", ""#2A2E2E"")","c(""#86857D"", ""#717068"", ""#CBC5BA"", ""#AEABA4"", ""#2A2E2E"")"
21016078@N00,fauxtoebill,2008-08-26T14:41:33Z,-123.130956,49.300879,16,http://www.flickr.com/photos/21016078@N00/2807718678/,#2C492F,"c(""#55784C"", ""#275337"", ""#1A2D1D"")","c(""#6BA566"", ""#507057"", ""#4D663A"", ""#275337"", ""#1A2D1D"")"
44124450371@N01,mezzoblue,2009-08-08T12:35:48Z,-123.14,49.269166,13,http://www.flickr.com/photos/44124450371@N01/3965138066/,#74603D,"c(""#CBB293"", ""#806534"", ""#403214"")","c(""#F1E4D6"", ""#D2B697"", ""#B3966E"", ""#806534"", ""#403214"")"
35034347371@N01,roland,2009-04-09T09:50:47Z,-123.07356,49.26553,16,http://www.flickr.com/photos/35034347371@N01/3426320739/,#A4A19A,"c(""#7E7B74"", ""#403825"", ""#E9E9E7"")","c(""#E8E9E9"", ""#C2BEB5"", ""#7E7B74"", ""#403825"", ""#FDFDFE"")"
72478268@N00,jlachoff,2009-06-28T17:26:57Z,-123.145584,49.304306,16,http://www.flickr.com/photos/72478268@N00/3709406495/,#575E67,"c(""#8A9FB3"", ""#6A6A6A"", ""#34383E"")","c(""#9BB5CD"", ""#7F8182"", ""#4D4C4C"", ""#202328"", ""#5F6C7D"")"
54322086@N00,freedryk,2014-02-03T18:13:55Z,-123.108667,49.27083,16,http://www.flickr.com/photos/54322086@N00/12450151864/,#AA9C82,"c(""#999994"", ""#786342"", ""#CAB998"")","c(""#BCB080"", ""#B5885E"", ""#D2C7AB"", ""#ABA9A2"", ""#6F634C"")"
86293038@N00,Spatial+Mongrel,2005-02-11T16:47:49Z,-123.134765,49.285723,8,http://www.flickr.com/photos/86293038@N00/4619782/,#898385,"c(""#736D70"", ""#2F292E"", ""#C0BBBA"")","c(""#453F45"", ""#181318"", ""#DDD9D7"", ""#A39D9C"", ""#736D70"")"
47078593@N05,WinstonWong*,2012-08-18T15:43:39Z,-123.121483,49.282518,15,http://www.flickr.com/photos/47078593@N05/7813310660/,#7A6B5E,"c(""#6B4433"", ""#181C23"", ""#B2A590"")","c(""#445E64"", ""#483C33"", ""#D8CEB3"", ""#AA785C"", ""#20171C"")"
36087885@N02,BasicGov,2009-10-05T12:22:47Z,-123.112133,49.284981,16,http://www.flickr.com/photos/36087885@N02/4076398870/,#797874,"c(""#71675D"", ""#131D34"", ""#ADAB9E"")","c(""#D6D5D2"", ""#A19F8C"", ""#5D697B"", ""#271D19"", ""#9B9685"")"
35034347371@N01,roland,2013-06-04T11:56:51Z,-123.115028,49.284389,16,http://www.flickr.com/photos/35034347371@N01/8952589172/,#585858,"c(""#CECECE"", ""#555555"", ""#1D1D1D"")","c(""#B7B7B7"", ""#888888"", ""#FCFCFC"", ""#555555"", ""#1D1D1D"")"
41683013@N00,cabbit,2006-03-21T17:48:30Z,-123.063933,49.257358,14,http://www.flickr.com/photos/41683013@N00/116117932/,#1F1710,"c(""#654A36"", ""#060301"", ""#010101"")","c(""#F5DDC0"", ""#6F3310"", ""#150B05"", ""#090501"", ""#010101"")"
31397036@N00,davemmett,2010-07-08T16:31:32Z,-123.085563,49.246791,14,http://www.flickr.com/photos/31397036@N00/4774994731/,#8B826D,"c(""#DFCEB6"", ""#AB8F52"", ""#4F5455"")","c(""#CAB458"", ""#6E7676"", ""#6D5F52"", ""#3F4245"", ""#DFCEB6"")"
54151899@N00,Accidental+Hedonist,2004-10-16T08:03:58Z,-123.111419,49.28855,14,http://www.flickr.com/photos/54151899@N00/906358/,#818284,"c(""#6D7070"", ""#46494B"", ""#A7A7A8"")","c(""#5D6060"", ""#2E3133"", ""#6B6F71"", ""#C4C1C1"", ""#898B8E"")"
24064901@N00,vfk,2006-11-19T13:47:20Z,-123.120666,49.284,16,http://www.flickr.com/photos/24064901@N00/301689887/,#979398,"c(""#8F7A7B"", ""#3D3D41"", ""#C8CAD2"")","c(""#9E908D"", ""#6C7475"", ""#67434A"", ""#24262B"", ""#C8CAD2"")"
36404721@N00,MaxChu,2011-07-13T16:50:43Z,-123.117041,49.300828,16,http://www.flickr.com/photos/36404721@N00/6074296973/,#8E969B,"c(""#CDD4D8"", ""#AEB1B7"", ""#5E696D"")","c(""#B4C0C9"", ""#A7A1A3"", ""#7A8C93"", ""#424547"", ""#CDD4D8"")"
11344412@N00,brenda.,2006-09-21T13:57:40Z,-123.11643,49.28685,15,http://www.flickr.com/photos/11344412@N00/249261297/,#686A6A,"c(""#5D6263"", ""#161617"", ""#969897"")","c(""#6C7172"", ""#4E5254"", ""#A4A5A0"", ""#888C8E"", ""#161617"")"
41683013@N00,cabbit,2009-01-16T17:54:22Z,-123.127227,49.28852,15,http://www.flickr.com/photos/41683013@N00/3208550959/,"NA","NA","NA"
39550519@N04,OPUS+Hotels,2010-02-09T20:08:49Z,-123.122741,49.27494,15,http://www.flickr.com/photos/39550519@N04/4366052587/,#523B37,"c(""#A97B78"", ""#563C3C"", ""#231913"")","c(""#784439"", ""#503530"", ""#BCA491"", ""#8D4E68"", ""#1F1A15"")"
72609409@N00,Jared+Kelly,2005-09-02T18:09:12Z,-123.13219,49.282588,12,http://www.flickr.com/photos/72609409@N00/305868750/,#797D80,"c(""#605D59"", ""#212321"", ""#B2BAC3"")","c(""#AAB3C1"", ""#A59F97"", ""#5A5C5E"", ""#23231F"", ""#C0CAD5"")"
25988617@N07,nicholas.blah,2009-11-27T20:08:32Z,-123.108887,49.27808,14,http://www.flickr.com/photos/25988617@N07/4152029144/,#361C1E,"c(""#9D5A63"", ""#2C0A0C"", ""#050404"")","c(""#E3B7B8"", ""#976D78"", ""#7C212D"", ""#2C0A0C"", ""#050404"")"
98755122@N00,Graham+Ballantyne,2008-07-11T20:52:55Z,-123.132077,49.268987,16,http://www.flickr.com/photos/98755122@N00/2699969484/,#717171,"c(""#E1E1E1"", ""#A1A1A1"", ""#202020"")","c(""#BABABA"", ""#878787"", ""#3C3C3C"", ""#050505"", ""#E1E1E1"")"
35034347371@N01,roland,2011-11-20T21:23:07Z,-123.099931,49.277611,16,http://www.flickr.com/photos/35034347371@N01/6374791433/,#444139,"c(""#79746F"", ""#5B523D"", ""#1D1E1A"")","c(""#312D1A"", ""#0F1214"", ""#92877A"", ""#6E6358"", ""#4D4D4A"")"
35034347371@N01,roland,2009-06-11T15:44:47Z,-123.10471,49.26935,16,http://www.flickr.com/photos/35034347371@N01/3617537885/,#6A6B5B,"c(""#C3C0AA"", ""#647375"", ""#3F3925"")","c(""#5E7F97"", ""#696653"", ""#DFEAF2"", ""#A79762"", ""#3F3925"")"
38174668@N05,vancouverfilmschool,2010-09-07T06:34:03Z,-123.132057,49.27713,16,http://www.flickr.com/photos/38174668@N05/4968641659/,#3D3334,"c(""#977777"", ""#373A40"", ""#120E0C"")","c(""#ADA0A2"", ""#71514B"", ""#28171A"", ""#010102"", ""#383A3C"")"
35034347371@N01,roland,2011-02-28T14:18:51Z,-123.116431,49.233652,16,http://www.flickr.com/photos/35034347371@N01/5486605467/,#8A8B88,"c(""#878885"", ""#51514B"", ""#A7A9A7"")","c(""#8B8D8B"", ""#83837F"", ""#B4B6B4"", ""#989A99"", ""#51514B"")"
34962573@N00,Canadian+Veggie,2012-12-20T20:24:55Z,-123.139357,49.260971,14,http://www.flickr.com/photos/34962573@N00/8292432679/,#AF9E7E,"c(""#B5A764"", ""#614D3E"", ""#D2C1AA"")","c(""#A89990"", ""#A48550"", ""#E3D0BF"", ""#D3C680"", ""#5C5145"")"
49475364@N00,sataylor+pix,2010-05-01T13:54:53Z,-123.130892,49.30055,16,http://www.flickr.com/photos/49475364@N00/4570011500/,#13120E,"c(""#2D291F"", ""#12120F"", ""#060605"")","c(""#433C30"", ""#31291C"", ""#201F19"", ""#12120F"", ""#060605"")"
28551156@N06,pkdon50,2008-07-13T19:07:15Z,-123.113222,49.238616,12,http://www.flickr.com/photos/28551156@N06/2710572161/,#3D503A,"c(""#7C8B81"", ""#41522E"", ""#1A311B"")","c(""#C0CEE5"", ""#7F8A7B"", ""#576850"", ""#41522E"", ""#1A311B"")"
7616875@N04,daniel_dimarco,2010-02-17T15:50:41Z,-123.260078,49.269456,14,http://www.flickr.com/photos/7616875@N04/4371347342/,#403A2D,"c(""#857C6A"", ""#322B1D"", ""#211F14"")","c(""#E9DCCA"", ""#92836D"", ""#4A4737"", ""#322B1D"", ""#211F14"")"
60142746@N00,Stephen+Rees,2010-05-30T11:14:05Z,-123.111205,49.273033,16,http://www.flickr.com/photos/60142746@N00/4660745854/,#80827E,"c(""#81817C"", ""#1C211F"", ""#B2B3AF"")","c(""#ACACA8"", ""#A1A19C"", ""#7C8280"", ""#1E1F1A"", ""#BEBEBA"")"
54322086@N00,freedryk,2007-06-09T11:07:00Z,-123.0655,49.257722,16,http://www.flickr.com/photos/54322086@N00/540062080/,#627954,"c(""#ADBF9D"", ""#617D58"", ""#3C522C"")","c(""#CADDBF"", ""#889584"", ""#72A350"", ""#656F4F"", ""#394F2F"")"
80198633@N00,abe%27s+gitch,2010-12-15T23:34:31Z,-123.071319,49.267081,16,http://www.flickr.com/photos/80198633@N00/5265777004/,#6B695E,"c(""#C6CBC9"", ""#7F7E6E"", ""#332E1F"")","c(""#443B29"", ""#222115"", ""#949181"", ""#696A5A"", ""#C6CBC9"")"
35034347371@N01,roland,2012-05-05T16:38:19Z,-123.064945,49.251841,16,http://www.flickr.com/photos/35034347371@N01/7146792165/,#67663E,"c(""#A59C7B"", ""#79862B"", ""#3E3B28"")","c(""#859E1B"", ""#6D6D3D"", ""#C8BF9A"", ""#81785B"", ""#3E3B28"")"
45397399@N00,benjamincarylewis,2006-04-11T22:40:47Z,-123.064041,49.255593,13,http://www.flickr.com/photos/45397399@N00/127719099/,#242420,"c(""#5C5A51"", ""#232420"", ""#080808"")","c(""#A3A195"", ""#575448"", ""#383831"", ""#232420"", ""#080808"")"
87368141@N00,mathieujarryphoto,2006-11-16T17:03:15Z,-123.130806,49.300508,16,http://www.flickr.com/photos/87368141@N00/302948659/,#445575,"c(""#949389"", ""#515971"", ""#14326D"")","c(""#BCB6A2"", ""#858B93"", ""#878576"", ""#515971"", ""#14326D"")"
44124450371@N01,mezzoblue,2005-09-13T20:10:05Z,-123.130205,49.274689,16,http://www.flickr.com/photos/44124450371@N01/43183585/,#40302A,"c(""#4D2E1E"", ""#16110A"", ""#4F413F"")","c(""#45373A"", ""#502E21"", ""#68564C"", ""#62422E"", ""#261F1C"")"
98755122@N00,Graham+Ballantyne,2006-08-05T22:17:54Z,-123.142002,49.27801,16,http://www.flickr.com/photos/98755122@N00/209464173/,#0E0906,"c(""#302015"", ""#030202"", ""#020000"")","c(""#694E37"", ""#1B120B"", ""#080204"", ""#0B0300"", ""#000000"")"
55835038@N00,Aristocrat,2013-01-21T12:56:47Z,-123.142399,49.288673,16,http://www.flickr.com/photos/55835038@N00/8403504682/,#877F72,"c(""#D3D3C1"", ""#A8A28D"", ""#50443D"")","c(""#776859"", ""#5C4B3F"", ""#352D2D"", ""#D3D3C1"", ""#A8A28D"")"
35034347371@N01,roland,2009-02-03T18:27:53Z,-123.07744,49.27757,16,http://www.flickr.com/photos/35034347371@N01/3252428126/,#281F1F,"c(""#3D3334"", ""#221D20"", ""#1E1413"")","c(""#4A4647"", ""#2E1E1F"", ""#2A1814"", ""#131012"", ""#221D20"")"
29879424@N06,spazzbot,2013-03-26T17:38:27Z,-123.108608,49.277901,15,http://www.flickr.com/photos/29879424@N06/8601545458/,#323048,"c(""#96848E"", ""#091C62"", ""#141118"")","c(""#422F21"", ""#0B0A11"", ""#010416"", ""#96848E"", ""#091C62"")"
49368715@N06,mashimero,2012-02-09T17:43:09Z,-123.097381,49.282287,15,http://www.flickr.com/photos/49368715@N06/9155664510/,#66645B,"c(""#C0BDB8"", ""#828077"", ""#2A281E"")","c(""#DCDAD9"", ""#A39E96"", ""#403B2C"", ""#141410"", ""#828077"")"
84987970@N00,Sweet+One,2013-05-03T06:55:02Z,-123.078834,49.265833,16,http://www.flickr.com/photos/84987970@N00/8729684621/,#666F78,"c(""#C5DBF4"", ""#9BA9C3"", ""#1B1C13"")","c(""#98ACCE"", ""#677585"", ""#AAC6E7"", ""#CAD8EF"", ""#1C1C13"")"
35034347371@N01,roland,2012-09-30T17:10:32Z,-123.111517,49.271447,16,http://www.flickr.com/photos/35034347371@N01/8042021459/,#6A7076,"c(""#A4CCFA"", ""#7E7566"", ""#42403C"")","c(""#706349"", ""#544A3D"", ""#AEC5E0"", ""#677484"", ""#2C2D2D"")"
95142644@N00,Ruth+and+Dave,2008-08-02T22:34:17Z,-123.159012,49.271213,15,http://www.flickr.com/photos/95142644@N00/2728922142/,#5C1F0D,"c(""#A75027"", ""#240907"", ""#501001"")","c(""#E79B65"", ""#BD5D1B"", ""#88210C"", ""#7F1801"", ""#1F0905"")"
41683013@N00,cabbit,2011-03-26T19:50:36Z,-123.106173,49.283987,16,http://www.flickr.com/photos/41683013@N00/5634533267/,#81A282,"c(""#EEF4E3"", ""#B7E0AE"", ""#2E593A"")","c(""#EBF4E7"", ""#C3DAA1"", ""#58B785"", ""#387544"", ""#0A2018"")"
98399468@N00,%5Bexpletive+deleted%5D,2009-05-05T00:33:53Z,-123.120442,49.282945,16,http://www.flickr.com/photos/98399468@N00/3503137147/,#3D4044,"c(""#A8AAAA"", ""#35312D"", ""#0A111D"")","c(""#1F1A15"", ""#070B12"", ""#D8DAD9"", ""#807674"", ""#1F3043"")"
25396215@N00,velkr0,2012-05-27T21:57:27Z,-123.112667,49.280333,16,http://www.flickr.com/photos/25396215@N00/7292559414/,#031D46,"c(""#053274"", ""#003A92"", ""#01030A"")","c(""#0D4A8B"", ""#02286D"", ""#012A75"", ""#003A92"", ""#01030B"")"
54322086@N00,freedryk,2007-06-23T14:07:24Z,-123.119818,49.283407,16,http://www.flickr.com/photos/54322086@N00/613293217/,#A85863,"c(""#DB4052"", ""#772229"", ""#A67E86"")","c(""#B32B37"", ""#321F1D"", ""#A29499"", ""#AF6474"", ""#DA4050"")"
23269969@N00,riacale,2009-02-20T19:29:05Z,-123.119605,49.277172,16,http://www.flickr.com/photos/23269969@N00/3351734621/,#110D14,"c(""#382C3F"", ""#080204"", ""#000104"")","c(""#18051B"", ""#030518"", ""#605164"", ""#080204"", ""#000104"")"
35034347371@N01,roland,2009-10-21T16:20:13Z,-123.10525,49.27564,16,http://www.flickr.com/photos/35034347371@N01/4032780525/,#453F35,"c(""#8E8886"", ""#5B5441"", ""#140E06"")","c(""#3E300A"", ""#140C03"", ""#030401"", ""#998D7C"", ""#4C4A51"")"
96947578@N00,TonZ,2008-07-14T10:44:49Z,-123.108356,49.284325,16,http://www.flickr.com/photos/96947578@N00/2670340298/,#646562,"c(""#E5E8E2"", ""#74746E"", ""#1B1C1A"")","c(""#2B2726"", ""#0C0E0D"", ""#969486"", ""#515B54"", ""#E2E6E4"")"
91393379@N00,Atxguy,2008-04-10T09:47:39Z,-123.126826,49.300396,16,http://www.flickr.com/photos/91393379@N00/2415710783/,#545E57,"c(""#3F4246"", ""#272F24"", ""#748378"")","c(""#626569"", ""#545648"", ""#90A296"", ""#3B4747"", ""#272F24"")"
86293038@N00,Spatial+Mongrel,2006-04-02T11:26:05Z,-123.134765,49.285723,8,http://www.flickr.com/photos/86293038@N00/134665038/,#AEA69B,"c(""#B0A89B"", ""#5A5246"", ""#D5CEC5"")","c(""#554C3F"", ""#231E17"", ""#766D60"", ""#B0A89B"", ""#D5CEC5"")"
42788598@N00,architecturegeek,2012-08-25T17:31:04Z,-123.123048,49.287186,16,http://www.flickr.com/photos/42788598@N00/7960824302/,#A08E6E,"c(""#A8883F"", ""#5D3317"", ""#BDBDB2"")","c(""#8B816D"", ""#5E3517"", ""#D3B653"", ""#AC9975"", ""#D6D8D0"")"
35034347371@N01,roland,2011-06-29T16:51:44Z,-123.0739,49.259375,16,http://www.flickr.com/photos/35034347371@N01/5885734249/,#696764,"c(""#AFA69B"", ""#948C83"", ""#2E3236"")","c(""#7D7368"", ""#2E3239"", ""#B4A89B"", ""#888A88"", ""#0E1418"")"
44124323641@N01,BitBoy,2007-11-16T15:57:49Z,-123.139657,49.255257,12,http://www.flickr.com/photos/44124323641@N01/2042821948/,#A88C67,"c(""#AC8F69"", ""#685339"", ""#C4A67D"")","c(""#57412A"", ""#2F2319"", ""#8D7450"", ""#AC8F69"", ""#C4A67D"")"
9997317@N07,matthewhooper,2014-01-08T18:34:26Z,-123.125315,49.247649,16,http://www.flickr.com/photos/9997317@N07/11847116163/,#BDA38E,"c(""#BF9771"", ""#7A3930"", ""#DDDCCA"")","c(""#875546"", ""#682424"", ""#F1F6EB"", ""#D9CCA2"", ""#B18A73"")"
59778596@N00,emmettanderson,2012-09-03T06:58:55Z,-123.103415,49.2799,15,http://www.flickr.com/photos/59778596@N00/7953614170/,#7B8176,"c(""#9FAFB4"", ""#968C6E"", ""#5A635A"")","c(""#A29B79"", ""#897C63"", ""#6C808A"", ""#47452A"", ""#9FAFB4"")"
36357702@N08,Ochinko,2011-05-24T20:48:35Z,-123.132104,49.296807,13,http://www.flickr.com/photos/36357702@N08/5772357692/,#898F91,"c(""#646E74"", ""#28333A"", ""#CBCCCB"")","c(""#B6B9B8"", ""#9D9E9C"", ""#627078"", ""#2B3337"", ""#EBECEB"")"
35034347371@N01,roland,2011-05-27T09:50:02Z,-123.110392,49.279788,16,http://www.flickr.com/photos/35034347371@N01/5765980635/,#696F69,"c(""#CDD5D7"", ""#71736C"", ""#31382F"")","c(""#838680"", ""#5C635C"", ""#CDD5D7"", ""#484B43"", ""#1B2219"")"
99185699@N00,chucknado,2011-05-13T11:33:53Z,-123.157253,49.299158,11,http://www.flickr.com/photos/99185699@N00/5785196016/,#78726B,"c(""#D1CAC3"", ""#A69E94"", ""#342F2B"")","c(""#787066"", ""#49423A"", ""#070504"", ""#D1CAC3"", ""#A69E94"")"
80953348@N00,PWBK,2010-01-16T22:48:42Z,-123.125617,49.277545,15,http://www.flickr.com/photos/80953348@N00/4286861939/,#9F5B41,"c(""#A3411B"", ""#2E1816"", ""#D58A6B"")","c(""#F6AF8F"", ""#B46446"", ""#B3561F"", ""#932B16"", ""#2E1816"")"
35034347371@N01,roland,2013-04-05T17:22:55Z,-123.090495,49.277508,16,http://www.flickr.com/photos/35034347371@N01/8624125007/,#767A78,"c(""#D3D5D8"", ""#7C8380"", ""#434641"")","c(""#A3ACAC"", ""#737A73"", ""#7A6768"", ""#D1DADC"", ""#424843"")"
35034347371@N01,roland,2010-08-25T17:59:44Z,-123.109167,49.278888,16,http://www.flickr.com/photos/35034347371@N01/4928318992/,#737A76,"c(""#8D9593"", ""#808374"", ""#5C6666"")","c(""#A0A9A6"", ""#7A8080"", ""#6C7576"", ""#4B5555"", ""#808374"")"
35034347371@N01,roland,2012-02-13T09:06:24Z,-123.073562,49.262183,16,http://www.flickr.com/photos/35034347371@N01/6871157907/,#C3BCAC,"c(""#A3A19A"", ""#7A7163"", ""#F7EED9"")","c(""#FFFFFE"", ""#ECDEB8"", ""#A2A2A3"", ""#B0966C"", ""#77746E"")"
